,0,1,2,3,4,5,6,7,8
0,0,0,0,0,0,0,0,0,0
1,1,1,1,1,1,1,7,0,15000
2,2,2,2,2,2,1,64,0,0
3,2,2,3,3,3,1,16,0,0
4,3,3,4,2,4,1,32,0,0
5,4,4,5,4,5,1,2,0,0
6,5,5,6,2,6,1,125,0,0
7,6,6,2,2,7,1,16,0,0
8,7,0,7,5,8,0,0,0,0
9,8,8,8,2,9,1,14,0,0
10,9,9,9,6,10,2,0,0,0
11,10,10,10,6,11,3,0,0,0
12,11,11,11,5,12,1,0,0,0
13,12,0,12,1,13,0,0,0,0
14,13,13,13,4,14,1,0,0,0
15,14,968,14,7,15,1,0,0,0
16,15,0,15,5,16,0,0,0,15
17,16,16,16,8,17,1,126,0,0
18,17,17,17,9,18,1,75,0,0
19,18,0,18,5,19,0,0,33,0
20,19,0,6,10,20,0,0,100,0
21,20,0,19,4,21,0,0,1,0
22,21,0,20,5,22,0,0,0,0
23,22,22,21,11,23,4,0,0,0
24,23,23,22,12,24,1,63,20,0
25,24,0,23,13,25,0,0,62,0
26,25,25,24,5,26,1,4,0,0
27,26,0,25,5,27,0,0,6,0
28,27,27,26,14,28,1,73,0,200
29,28,0,27,15,29,0,0,28,100
30,29,0,28,16,30,0,0,0,0
31,30,971,29,6,31,1,270,0,0
32,31,31,30,6,32,1,173,0,0
33,31,31,21,11,33,4,0,0,0
34,32,0,31,7,34,0,0,0,0
35,33,33,32,8,35,1,1024,0,0
36,34,34,33,2,36,1,189,48,0
37,35,0,34,4,37,0,0,0,0
38,35,35,35,2,38,1,22,0,0
39,36,36,3,3,39,1,19,0,0
40,37,0,36,5,40,0,0,56,22
41,38,972,37,4,41,1,0,0,0
42,39,0,38,10,42,0,0,0,7
43,40,40,39,4,43,1,0,0,0
44,41,0,26,14,44,0,0,0,233
45,42,42,17,9,45,1,13,0,0
46,43,43,6,2,46,1,34,0,0
47,43,43,21,11,47,4,0,0,0
48,44,44,40,2,48,1,65,0,0
49,45,0,41,4,49,0,0,0,0
50,46,46,42,8,50,1,1963,9000,6000
51,47,0,43,17,51,0,0,50000,2000000
52,47,975,21,11,52,4,0,0,0
53,48,48,44,2,53,1,88,11,0
54,49,49,45,1,54,1,0,0,0
55,50,50,46,8,55,1,343,0,0
56,51,976,21,11,56,4,0,0,0
57,52,977,21,11,57,4,0,0,0
58,53,978,47,4,58,1,0,0,0
59,54,54,48,15,59,1,4,13,0
60,55,979,49,4,60,5,0,0,148
61,55,0,5,4,61,0,0,0,0
62,56,56,50,6,62,7,0,0,0
63,57,0,51,18,63,0,0,0,0
64,58,58,52,14,64,6,0,0,500
65,59,0,53,7,65,0,0,0,0
66,60,0,54,14,66,0,0,0,0
67,60,0,55,14,67,0,0,0,0
68,61,0,56,4,68,0,0,0,0
69,62,981,57,4,69,8,1,0,0
70,63,63,50,10,70,6,0,0,0
71,64,0,39,7,71,0,0,0,2
72,65,65,50,6,72,9,0,0,0
73,66,0,39,15,73,0,0,0,0
74,67,0,50,4,74,0,0,0,0
75,68,68,58,20,75,6,0,0,300
76,69,69,59,4,76,6,0,0,0
77,70,0,9,15,77,0,0,0,0
78,69,69,60,4,78,6,0,0,0
79,69,69,61,14,79,6,0,0,500
80,71,0,62,21,80,0,0,0,0
81,72,72,63,4,81,12,0,0,0
82,73,73,64,21,82,6,0,0,0
83,74,0,65,20,83,0,0,0,0
84,75,0,66,22,84,0,0,0,0
85,76,982,67,4,85,6,0,0,0
86,77,77,68,23,86,6,0,0,0
87,78,79,69,4,87,6,0,0,0
88,79,79,70,4,88,6,0,0,0
89,80,0,71,16,89,0,0,0,0
90,81,0,72,18,90,0,0,0,0
91,80,984,73,4,91,13,0,0,2800
92,82,82,10,6,92,14,0,0,0
93,83,83,74,25,93,15,0,0,0
94,84,0,75,18,94,0,0,0,0
95,85,0,21,11,95,0,0,0,0
96,85,85,76,18,96,6,0,0,200
97,85,0,66,20,97,0,0,0,0
98,85,85,77,4,98,6,0,0,1000
99,85,85,78,18,99,6,0,0,100
100,86,0,79,26,100,0,0,0,0
101,87,87,80,27,101,6,24,45,0
102,88,88,81,15,102,6,0,0,0
103,89,985,82,4,103,18,0,0,125
104,90,0,83,14,104,0,0,0,0
105,91,91,84,14,105,6,0,0,300
106,92,0,14,28,106,0,0,1,0
107,93,0,38,29,107,0,0,0,1
108,94,0,85,29,108,0,0,1,1
109,95,0,86,29,109,0,0,0,0
110,96,0,87,4,110,0,0,0,0
111,97,97,88,6,111,6,39,0,0
112,98,0,89,20,112,0,0,0,0
113,99,99,90,25,113,6,0,0,0
114,100,100,91,4,114,21,0,0,0
115,101,101,21,11,115,22,0,0,0
116,102,102,10,6,116,23,0,0,0
117,103,103,92,14,117,24,0,0,210
118,104,0,93,18,118,0,0,0,0
119,105,988,39,4,119,25,0,0,0
120,106,0,94,26,120,0,0,0,0
121,107,107,95,13,121,6,4,0,0
122,108,0,96,30,122,0,0,0,0
123,109,0,97,21,123,0,0,0,0
124,110,0,98,21,124,0,0,2,12
125,111,0,99,18,125,0,0,0,0
126,112,112,66,15,126,28,0,0,0
127,113,0,100,18,127,0,0,0,0
128,114,992,101,4,128,29,1,0,221
129,115,115,102,4,129,30,0,0,0
130,115,0,103,28,130,0,0,0,6
131,116,0,104,15,131,0,0,0,6
132,117,0,105,5,132,0,0,0,0
133,118,0,106,32,133,0,0,0,0
134,119,0,87,4,134,0,0,0,0
135,120,120,107,6,135,35,8,2,0
136,121,121,108,4,136,36,0,0,2065
137,122,122,21,11,137,37,0,0,0
138,123,123,26,22,138,27,0,0,0
139,124,124,109,13,139,27,9,0,0
140,125,125,110,5,140,38,0,0,0
141,126,0,111,4,141,0,0,0,0
142,127,0,112,18,142,0,0,0,0
143,128,996,92,4,143,40,0,0,0
144,129,0,113,14,144,0,0,0,0
145,130,130,114,6,145,41,0,0,0
146,131,0,115,20,146,0,0,0,0
147,132,132,116,27,147,17,261,0,0
148,133,0,66,18,148,0,0,0,0
149,133,0,117,21,149,0,0,0,0
150,134,0,118,20,150,0,0,0,0
151,135,0,119,28,151,0,0,2,0
152,136,0,120,15,152,0,0,0,0
153,137,998,87,4,153,44,0,0,0
154,138,0,10,6,154,0,0,0,0
155,139,0,121,10,155,0,0,0,0
156,140,140,122,27,156,6,18,0,0
157,141,0,123,22,157,0,0,0,0
158,142,142,124,23,158,46,0,0,0
159,143,0,125,6,159,0,0,0,0
160,141,0,41,4,160,0,0,0,0
161,144,144,126,18,161,6,0,0,200
162,145,145,127,23,162,47,0,0,0
163,146,0,128,21,163,0,0,0,0
164,147,0,21,11,164,0,0,0,0
165,147,147,129,4,165,49,0,0,0
166,148,0,130,22,166,0,0,0,0
167,149,0,125,7,167,0,0,0,0
168,150,0,50,10,168,0,0,0,0
169,151,151,9,6,169,50,0,0,0
170,151,151,131,4,170,51,0,0,0
171,152,0,132,22,171,0,0,0,0
172,153,0,133,4,172,0,0,0,0
173,154,0,17,4,173,0,0,0,0
174,155,0,134,21,174,0,0,0,0
175,156,0,66,22,175,0,0,0,0
176,157,0,35,29,176,0,0,0,0
177,158,158,135,4,177,6,0,0,100
178,159,159,136,2,178,1,26,0,0
179,160,160,137,4,179,6,0,0,1000
180,161,0,138,20,180,0,0,0,0
181,147,147,139,26,181,54,0,0,0
182,162,162,12,4,182,55,0,0,0
183,162,162,10,6,183,56,0,0,0
184,163,163,140,20,184,6,0,0,410
185,164,0,141,4,185,0,0,0,0
186,165,0,142,35,186,0,0,0,0
187,166,0,143,6,187,0,0,0,0
188,167,0,144,10,188,0,0,0,0
189,168,168,145,17,189,1,0,0,0
190,168,168,21,11,190,4,0,0,0
191,169,0,28,7,191,0,0,0,33
192,170,0,5,4,192,0,0,0,0
193,171,0,146,29,193,0,0,0,0
194,172,172,147,4,194,61,0,0,0
195,172,1004,148,4,195,62,0,0,0
196,172,172,9,6,196,63,0,0,0
197,173,173,149,4,197,64,0,0,650
198,174,174,150,22,198,6,0,0,0
199,175,0,39,4,199,0,0,0,0
200,176,0,151,22,200,0,0,0,0
201,177,1006,152,7,201,1,0,0,0
202,178,178,153,3,202,6,2,0,0
203,179,0,154,26,203,0,0,0,0
204,180,0,50,7,204,0,0,0,6
205,181,1008,155,4,205,67,0,0,0
206,182,182,155,6,206,68,0,0,0
207,183,0,156,4,207,0,0,0,0
208,184,184,157,6,208,70,0,0,0
209,185,185,147,6,209,71,0,0,0
210,186,186,53,6,210,72,0,0,0
211,187,187,158,14,211,6,0,0,4169
212,188,188,148,4,212,73,0,0,0
213,189,189,9,6,213,74,0,0,0
214,190,0,159,2,214,0,0,0,0
215,191,191,160,6,215,75,0,0,0
216,192,192,161,15,216,76,0,4,1000
217,192,192,162,6,217,77,0,0,0
218,193,193,157,6,218,78,0,0,0
219,194,194,155,6,219,79,0,0,0
220,195,0,129,20,220,0,0,0,0
221,196,0,50,2,221,0,0,0,0
222,197,1010,163,7,222,6,0,0,0
223,188,188,164,4,223,80,0,0,0
224,198,0,165,20,224,0,0,0,0
225,199,199,166,13,225,81,2,0,69
226,200,200,167,14,226,82,0,0,3338
227,201,201,168,4,227,83,0,0,100
228,202,1011,169,4,228,84,0,0,802
229,203,1012,170,14,229,85,0,0,950
230,204,204,53,6,230,86,0,0,0
231,205,1013,104,6,231,87,0,0,0
232,206,206,157,6,232,88,0,0,0
233,207,207,12,12,233,1,3,140,0
234,208,208,171,28,234,89,0,0,0
235,209,209,27,6,235,90,0,0,0
236,210,1014,172,6,236,91,0,0,0
237,211,0,86,22,237,0,0,0,0
238,212,1015,104,7,238,6,1,0,50
239,213,1016,87,4,239,92,0,0,230
240,214,214,173,4,240,93,0,0,0
241,214,214,174,11,241,94,0,0,0
242,214,214,175,23,242,95,0,0,0
243,215,1017,176,4,243,6,0,0,30
244,216,0,177,15,244,0,0,0,9
245,217,1018,178,4,245,97,0,0,0
246,218,1019,179,4,246,98,0,0,0
247,219,0,39,6,247,0,0,0,0
248,220,1020,180,4,248,100,0,0,285
249,221,1021,181,4,249,101,0,0,922
250,219,0,10,6,250,0,0,0,0
251,222,1023,10,6,251,103,0,0,0
252,223,223,38,4,252,104,0,0,0
253,224,0,182,4,253,0,0,0,0
254,225,0,87,7,254,0,0,0,0
255,226,226,183,1,255,1,0,0,0
256,226,226,184,17,256,106,0,0,0
257,227,0,185,4,257,0,0,0,0
258,228,1024,186,6,258,107,0,0,0
259,229,1025,187,4,259,108,0,0,516
260,230,230,188,6,260,4,0,0,0
261,231,0,133,4,261,0,0,0,0
262,232,0,39,4,262,0,0,0,0
263,233,233,186,4,263,111,0,0,0
264,234,234,178,14,264,6,0,0,400
265,235,235,189,14,265,6,0,0,1100
266,236,236,190,14,266,4,0,0,300
267,237,0,178,14,267,0,0,0,0
268,238,1028,181,4,268,112,0,0,0
269,239,0,172,18,269,0,0,0,0
270,240,240,191,5,270,1,0,0,0
271,241,241,192,39,271,6,43,0,0
272,242,0,193,17,272,0,0,0,0
273,243,0,194,7,273,0,0,0,0
274,244,244,195,6,274,115,21,0,0
275,245,1030,5,4,275,116,0,0,0
276,246,246,196,13,276,117,9,25,0
277,247,247,104,7,277,6,11,7,0
278,248,1031,197,6,278,118,2,0,74
279,249,1032,198,4,279,119,0,0,3757
280,250,1033,199,14,280,1,0,0,2030
281,251,251,50,27,281,6,12,0,0
282,252,1034,200,14,282,6,0,0,1865
283,253,253,201,20,283,6,0,0,0
284,252,1035,10,6,284,120,0,0,0
285,254,1034,202,14,285,121,0,0,5
286,255,0,158,14,286,0,0,0,0
287,256,1036,162,14,287,123,0,0,7000
288,257,1037,203,7,288,6,2,2,10
289,258,258,204,27,289,1,229,0,0
290,259,0,203,23,290,0,0,0,0
291,260,260,205,7,291,6,0,30,0
292,261,261,206,23,292,1,3,0,0
293,262,1039,12,7,293,125,2,0,0
294,263,263,207,2,294,6,0,15,1200
295,264,264,186,23,295,1,0,1,0
296,265,265,208,7,296,6,0,0,0
297,266,1040,158,4,297,126,0,0,0
298,267,267,39,14,298,1,0,0,1107
299,268,268,209,4,299,127,0,0,0
300,268,1041,48,4,300,128,0,0,0
301,269,269,210,12,301,1,2,60,0
302,268,1042,211,14,302,6,0,0,40
303,270,270,212,14,303,6,0,0,307
304,271,1043,213,14,304,129,0,0,80
305,272,1044,158,4,305,6,0,0,118
306,273,1045,214,6,306,1,0,0,12
307,274,274,147,15,307,1,0,0,4
308,275,1046,215,14,308,6,0,0,1000
309,276,1047,216,4,309,130,0,0,350
310,277,277,217,15,310,131,1,4,200
311,278,278,218,41,311,1,0,2,0
312,279,279,10,2,312,1,2,5,2000
313,280,280,151,39,313,6,7,33,0
314,281,0,219,4,314,0,0,0,0
315,281,281,220,6,315,133,0,0,0
316,282,282,125,4,316,134,0,0,90
317,283,283,221,23,317,6,0,0,0
318,284,284,222,42,318,1,0,0,170
319,285,285,223,13,319,6,1,4,0
320,286,286,224,20,320,1,2,0,1400
321,287,1048,125,7,322,135,0,0,216
322,288,1049,225,5,323,4,0,0,0
323,289,1050,104,6,324,4,0,1,0
324,290,290,226,15,325,136,12,140,1000
325,291,291,227,22,326,4,0,0,0
326,292,290,228,17,327,4,6,2300,0
327,293,293,229,4,328,137,0,0,36
328,294,290,157,4,329,138,0,0,0
329,295,295,230,43,330,17,0,0,0
330,296,1051,159,4,331,139,0,1,800
331,297,297,23,39,332,4,6,21,0
332,298,298,148,7,333,4,6,11,30
333,299,299,157,4,334,140,0,0,0
334,300,300,231,4,335,141,0,0,0
335,301,301,232,6,336,142,0,0,0
336,302,302,233,4,337,143,0,0,0
337,303,303,234,44,338,4,24,0,0
338,304,0,235,28,339,0,0,0,0
339,305,305,236,2,340,4,0,0,100
340,306,306,158,4,341,17,0,0,0
341,307,307,237,10,342,4,0,0,1700
342,308,1052,238,14,343,145,0,0,1254
343,306,1053,239,14,344,146,0,0,129
344,309,309,10,10,345,4,0,0,300
345,310,310,240,4,346,4,0,0,1200
346,0,0,241,4,347,0,0,0,0
347,312,312,53,4,348,148,0,0,350
348,312,0,242,4,349,0,0,0,0
349,313,313,243,1,350,4,0,0,2500
350,314,314,244,14,351,4,0,0,600
351,315,315,245,14,352,150,0,0,425
352,316,1054,246,14,353,4,0,0,103
353,316,320,247,14,354,4,0,0,480
354,317,317,248,14,355,4,0,0,628
355,318,318,249,14,356,151,0,0,912
356,319,319,80,22,357,4,0,0,350
357,0,0,250,14,358,0,0,0,0
358,321,321,50,45,359,4,0,0,200
359,322,322,251,12,360,4,1,0,120
360,323,323,252,13,361,1,30,0,2
361,324,324,253,12,362,1,0,2,300
362,325,325,215,4,363,152,0,0,1100
363,326,326,254,4,364,153,2,3,270
364,326,326,219,7,365,154,0,0,0
365,326,326,255,4,366,155,0,0,0
366,327,1055,256,14,367,156,0,0,665
367,328,328,257,14,368,1,0,0,500
368,329,0,258,14,369,0,0,0,0
369,330,330,70,14,370,158,0,0,100
370,331,331,259,4,371,6,0,0,60
371,332,332,260,46,372,1,0,0,0
372,333,0,261,28,373,0,0,8,0
373,334,1057,262,4,374,160,2,1,750
374,335,1058,14,7,375,161,0,0,0
375,336,1059,263,4,376,162,0,0,1000
376,337,337,137,4,377,163,0,0,1700
377,338,338,174,15,378,4,0,0,0
378,339,1060,9,6,379,164,0,0,30000
379,340,340,264,4,380,4,0,0,0
380,341,341,265,20,381,4,0,0,150
381,342,1061,266,28,382,4,1,0,0
382,343,343,267,48,383,4,20,0,0
383,344,344,268,43,384,165,0,0,0
384,345,1062,269,5,385,166,1,1,300
385,346,1063,91,7,386,167,0,0,0
386,347,347,270,4,387,4,0,0,200
387,348,1064,119,4,388,168,0,0,120
388,349,1065,271,4,389,169,0,0,50
389,350,1066,272,4,390,170,0,0,100
390,351,351,273,14,391,4,0,0,600
391,352,352,256,4,392,171,0,0,1197
392,353,353,274,14,393,4,0,0,850
393,354,354,275,4,394,172,0,0,2000
394,355,355,276,14,395,4,0,0,528
395,356,356,148,4,396,173,0,0,0
396,357,357,277,4,397,174,0,0,200
397,358,358,278,22,398,4,0,0,4000
398,359,359,12,17,399,4,23,112,0
399,360,360,270,42,400,4,0,0,1100
400,361,361,279,22,401,4,0,0,250
401,362,362,280,43,402,4,0,0,0
402,363,363,281,4,403,175,0,0,1100
403,364,364,270,4,404,4,0,0,1100
404,365,365,282,4,405,4,0,0,159
405,366,1067,283,14,406,4,0,0,3200
406,367,367,284,4,407,176,0,0,300
407,368,1068,285,14,408,4,0,0,4000
408,369,1069,286,14,409,4,0,0,130
409,370,370,287,14,410,4,0,0,871
410,371,371,288,1,411,4,0,0,120
411,372,372,289,18,412,4,0,0,1500
412,372,372,290,18,413,4,0,3,1000
413,373,373,291,6,414,4,0,0,600
414,374,374,292,4,415,4,0,0,240
415,375,1070,293,7,416,4,0,0,0
416,376,376,294,6,417,4,0,0,0
417,377,377,221,6,418,4,0,0,0
418,378,378,295,6,419,4,0,0,0
419,379,1071,296,4,420,4,0,0,120
420,380,380,297,4,421,177,0,0,691
421,381,381,298,6,422,4,0,0,0
422,382,382,299,7,423,1,0,0,0
423,383,0,300,20,424,0,0,0,0
424,384,384,151,1,425,4,0,0,2000
425,384,384,299,6,426,4,0,0,600
426,385,385,301,14,427,4,0,0,1500
427,386,386,172,1,428,4,0,0,345
428,387,387,302,4,429,178,0,0,375
429,388,1072,303,14,430,4,0,0,600
430,389,389,304,22,431,4,0,0,1000
431,390,390,9,10,432,4,0,0,282
432,391,391,305,15,433,4,0,0,0
433,392,1073,306,14,434,4,0,0,963
434,393,393,307,14,435,4,0,0,9
435,394,1074,308,14,436,4,0,0,600
436,395,1075,309,6,437,179,1,0,200
437,396,396,221,6,438,4,0,0,0
438,397,397,310,6,439,4,0,0,275
439,398,398,311,4,440,180,0,0,20
440,399,399,219,7,441,4,0,0,0
441,400,400,5,6,442,4,0,0,0
442,401,401,312,4,443,4,0,0,300
443,402,402,313,7,444,4,0,0,0
444,403,403,314,4,445,4,0,0,18
445,403,403,315,4,446,4,0,0,6
446,404,404,316,4,447,4,0,0,0
447,405,405,317,4,448,4,0,0,1900
448,406,1076,17,4,449,4,0,0,290
449,407,407,5,4,450,181,0,0,1000
450,408,408,318,4,451,4,0,0,1200
451,409,1077,319,14,452,4,0,0,150
452,410,410,320,14,453,4,0,0,0
453,411,411,321,14,454,4,0,0,3330
454,412,412,322,4,455,4,0,0,0
455,413,413,323,6,456,4,0,0,0
456,410,414,324,6,457,4,0,0,0
457,414,414,325,14,458,4,0,0,5000
458,415,415,326,15,459,4,0,0,0
459,416,416,327,14,460,4,0,0,2500
460,417,417,39,15,461,4,0,0,0
461,418,1078,328,14,462,4,0,0,1000
462,418,418,129,6,463,4,0,0,0
463,419,419,12,59,464,4,0,10,900
464,420,420,329,5,465,182,0,0,0
465,421,421,27,6,466,4,0,0,0
466,421,421,330,6,467,4,0,0,112
467,422,422,12,2,468,4,2,58,12000
468,423,423,331,18,469,4,0,3,250
469,424,424,5,28,470,183,0,0,0
470,425,425,332,6,471,4,0,0,0
471,426,0,313,4,472,0,0,0,0
472,201,201,333,4,473,185,0,0,0
473,427,427,334,4,474,1,0,0,30
474,428,428,335,4,475,84,0,0,0
475,326,326,219,4,476,186,0,0,0
476,429,429,336,4,477,187,0,0,0
477,430,430,337,6,478,188,0,0,0
478,393,393,338,6,479,189,0,0,0
479,391,391,339,6,480,190,0,0,0
480,431,1080,340,4,481,191,0,0,0
481,432,424,341,6,482,192,0,0,0
482,433,1081,135,4,483,193,0,0,600
483,434,1082,342,6,484,194,0,0,0
484,435,435,343,6,485,195,0,0,0
485,409,1083,344,23,486,196,0,0,0
486,436,1084,345,6,487,197,0,0,0
487,437,437,346,5,488,17,0,0,0
488,438,1056,218,17,489,1,44,375,0
489,439,439,43,17,490,4,22,57,0
490,440,440,347,43,491,198,0,0,0
491,441,1085,43,62,492,4,425,8582,0
492,442,442,348,63,493,4,0,0,1200
493,387,387,10,6,494,199,0,0,0
494,443,443,349,4,495,200,0,0,28
495,444,444,330,14,496,4,0,0,1300
496,443,1086,350,14,497,201,1,0,20000
497,445,445,38,6,498,4,0,0,0
498,446,446,351,43,499,1,0,0,0
499,447,447,17,6,500,4,0,0,700
500,448,448,12,15,501,4,1,0,0
501,449,1087,53,6,502,4,2,77,0
502,450,1088,352,4,503,4,0,0,0
503,451,451,172,6,504,4,0,0,0
504,452,0,330,23,505,0,0,0,0
505,453,1089,5,4,506,202,0,0,0
506,454,454,353,25,507,4,0,0,0
507,455,455,354,15,508,203,0,0,0
508,456,456,39,6,509,204,0,0,0
509,454,1090,355,14,510,205,0,0,200
510,457,457,325,28,511,4,0,0,0
511,458,1091,356,6,512,4,0,0,0
512,393,393,91,28,513,4,0,0,0
513,459,459,357,28,514,4,0,0,0
514,460,460,358,7,515,4,0,0,0
515,461,461,125,28,516,4,0,0,0
516,462,1092,359,4,517,206,0,0,126
517,463,463,9,6,518,207,0,0,0
518,464,1093,360,6,519,208,0,0,100
519,465,1094,183,6,520,209,0,0,0
520,466,1095,361,43,521,210,0,0,0
521,467,1096,147,15,522,211,0,0,85
522,468,1097,362,7,523,4,1,1,625
523,469,469,357,4,524,212,0,0,132
524,454,454,363,15,525,213,0,20,0
525,300,1098,364,11,526,4,0,0,0
526,470,470,365,15,527,214,0,0,0
527,471,471,366,6,528,215,0,0,45
528,472,472,367,28,529,216,1,0,300
529,473,1099,158,14,530,217,2,0,1383
530,474,474,368,25,531,218,58,31,4620
531,475,475,369,11,532,1,0,0,0
532,476,0,370,6,533,0,0,0,0
533,477,1100,41,4,534,219,2,0,40
534,436,1084,371,6,535,220,0,0,0
535,478,478,148,7,536,4,0,0,0
536,475,475,372,10,537,1,0,0,0
537,479,0,373,4,538,0,0,0,0
538,480,0,374,4,539,0,0,0,0
539,481,0,144,7,540,0,0,0,0
540,482,981,375,4,541,222,0,0,0
541,483,0,376,4,542,0,0,0,0
542,484,484,377,14,543,223,0,0,300
543,485,0,378,5,544,0,0,37,0
544,486,0,379,4,545,0,0,0,0
545,487,0,380,4,546,0,0,0,0
546,488,488,381,2,547,1,18,0,0
547,489,1103,174,6,548,6,0,0,0
548,203,1011,53,4,549,226,0,0,0
549,490,490,382,17,550,4,10,21,0
550,491,491,383,14,551,4,0,0,0
551,492,1104,5,4,552,1,0,0,0
552,493,0,74,4,553,0,0,0,10
553,494,0,50,4,554,0,0,0,0
554,495,1106,384,4,555,229,0,0,125
555,496,496,201,15,556,1,5,0,0
556,497,1107,385,14,557,27,0,0,1050
557,353,1108,53,4,558,230,2,0,7028
558,498,1109,327,6,559,231,0,0,0
559,499,1110,386,14,560,1,43,0,11000
560,500,0,387,4,561,0,0,0,0
561,501,1112,57,11,562,4,0,0,0
562,499,0,388,5,563,0,0,5,0
563,502,502,381,2,564,1,33,0,0
564,502,502,39,4,565,1,0,0,0
565,503,0,5,4,566,0,0,0,0
566,504,504,158,35,567,4,9,0,0
567,505,505,21,11,568,4,0,0,0
568,506,0,389,4,569,0,0,0,0
569,507,507,147,11,570,1,0,0,0
570,508,1114,43,17,571,1,0,0,0
571,509,0,50,10,572,0,0,0,76
572,510,1115,91,28,573,1,56,0,0
573,511,511,390,4,574,1,3,0,0
574,512,512,391,4,575,1,0,0,138
575,513,513,21,11,576,4,0,0,0
576,514,0,104,4,577,0,0,0,0
577,515,0,104,4,578,0,0,0,0
578,516,0,171,48,579,0,0,28,0
579,517,517,392,2,580,1,45,0,0
580,517,517,393,10,581,1,0,0,192
581,518,518,394,6,582,1,30,11,0
582,518,518,395,5,583,1,4,0,0
583,519,0,396,5,584,0,0,8,0
584,520,0,265,82,585,0,0,0,3
585,521,0,21,11,586,0,0,0,0
586,522,0,397,4,587,0,0,3,0
587,523,0,119,4,588,0,0,7,0
588,524,524,398,25,589,1,0,0,0
589,525,0,399,26,590,0,0,0,15
590,526,0,400,4,591,0,0,0,0
591,527,1122,27,82,592,1,1,0,0
592,528,1123,14,4,593,1,0,0,2
593,529,529,256,7,594,1,0,0,0
594,530,0,91,6,595,0,0,50,0
595,531,0,104,4,596,0,0,0,0
596,532,1125,401,3,597,1,1,0,0
597,533,1126,327,14,598,1,0,0,0
598,534,0,43,16,599,0,0,0,0
599,535,0,313,4,600,0,0,0,0
600,536,536,402,12,601,1,22,22,0
601,537,537,14,6,602,1,0,0,0
602,538,0,104,4,603,0,0,0,0
603,539,0,104,4,604,0,0,0,0
604,540,0,403,5,605,0,0,0,4
605,541,0,404,14,606,0,0,17,0
606,542,542,405,3,607,1,20,0,0
607,543,543,14,10,608,1,0,0,0
608,544,544,406,6,609,1,69,0,0
609,545,0,21,7,610,0,0,76,0
610,546,1132,407,14,611,1,0,0,0
611,547,0,144,4,612,0,0,0,2
612,548,0,47,28,613,0,0,0,0
613,549,0,408,7,614,0,0,203,0
614,550,550,409,28,615,1,0,0,0
615,551,0,144,83,616,0,0,0,99
616,552,552,410,12,617,1,36,155,0
617,553,553,411,12,618,1,12,2,0
618,554,554,412,27,619,1,24,0,0
619,555,555,158,30,620,1,1,0,0
620,556,0,12,7,621,0,0,21,0
621,557,557,304,1,622,1,0,0,0
622,558,0,413,15,623,0,0,0,0
623,559,559,414,6,624,1,0,0,0
624,560,560,265,27,625,1,20,0,0
625,561,0,21,7,626,0,0,0,0
626,562,0,415,4,627,0,0,2,0
627,563,0,155,4,628,0,0,0,0
628,564,0,416,4,629,0,0,2,0
629,565,565,417,12,630,1,31,0,0
630,566,0,104,4,631,0,0,0,0
631,567,567,418,4,632,1,0,0,0
632,568,568,27,15,633,1,0,0,0
633,569,1136,419,14,634,1,0,0,0
634,570,0,420,4,635,0,0,0,0
635,571,0,144,4,636,0,0,1,0
636,572,0,421,25,637,0,0,0,0
637,573,573,422,35,638,1,32,0,0
638,574,0,12,85,639,0,0,0,118
639,575,575,423,1,640,1,0,0,0
640,576,0,104,4,641,0,0,0,0
641,577,1138,104,4,642,1,0,0,0
642,578,578,5,4,643,1,0,0,0
643,579,0,39,4,644,0,0,0,0
644,580,580,14,6,645,1,0,0,0
645,581,581,424,12,646,1,21,53,0
646,582,582,425,4,647,1,0,0,0
647,582,582,426,4,648,1,0,0,376
648,583,583,427,12,649,1,9,31,0
649,584,584,428,4,650,1,0,0,600
650,585,585,44,2,651,1,19,0,0
651,586,0,429,4,652,0,0,0,0
652,587,587,430,23,653,1,17,0,0
653,587,0,43,17,654,0,0,481,8000
654,588,588,66,15,655,1,7,40,500
655,589,589,431,6,656,1,0,0,0
656,590,0,12,16,657,0,0,0,1
657,591,591,432,15,658,1,0,0,0
658,592,0,104,4,659,0,0,0,0
659,593,593,433,27,660,1,37,0,0
660,594,1144,313,28,661,1,0,0,0
661,595,595,434,4,662,1,0,0,0
662,596,0,152,14,663,0,0,0,0
663,597,0,435,13,664,0,0,7,0
664,598,0,436,5,665,0,0,3,6
665,599,0,12,28,666,0,0,0,0
666,600,0,14,4,667,0,0,0,0
667,601,1148,104,4,668,1,0,0,0
668,602,602,437,2,669,1,39,88,0
669,603,603,438,27,670,1,62,0,0
670,604,604,439,5,671,1,0,0,0
671,605,0,440,22,672,0,0,0,75
672,606,0,441,82,673,0,0,1,2
673,605,0,442,4,674,0,0,0,0
674,607,607,17,27,675,1,79,0,0
675,608,0,443,5,676,0,0,7,0
676,609,0,21,11,677,0,0,0,0
677,610,1150,144,7,678,1,0,0,0
678,609,609,444,15,679,1,0,0,0
679,611,611,50,10,680,1,18,0,0
680,612,612,445,10,681,1,0,0,122
681,612,612,21,11,682,4,0,0,0
682,613,613,221,9,683,1,18,0,0
683,614,614,437,3,684,1,75,99,0
684,615,0,144,7,685,0,0,0,6
685,616,0,446,5,686,0,0,4,0
686,617,0,125,28,687,0,0,33,0
687,615,0,144,13,688,0,0,5,9
688,618,0,151,2,689,0,0,11,0
689,618,0,158,48,690,0,0,0,0
690,618,618,21,11,691,4,0,0,0
691,619,0,447,6,692,0,0,0,0
692,620,0,178,4,693,0,0,0,0
693,621,621,448,21,694,1,0,0,0
694,622,622,39,4,695,1,0,0,0
695,623,1151,449,4,696,1,0,0,0
696,624,0,450,30,697,0,0,0,1
697,625,625,451,5,698,1,3,0,0
698,626,0,50,6,699,0,0,0,0
699,627,0,21,11,700,0,0,0,0
700,628,0,5,4,701,0,0,0,1
701,629,629,452,5,702,1,9,0,0
702,630,0,41,4,703,0,0,0,0
703,631,631,21,11,704,4,0,0,0
704,632,1155,14,28,705,1,0,0,0
705,633,0,453,4,706,0,0,0,0
706,631,0,219,4,707,0,0,0,0
707,634,634,454,11,708,1,0,0,0
708,635,635,455,27,709,1,101,0,0
709,636,0,14,16,710,0,0,0,5
710,637,0,456,28,711,0,0,0,7
711,634,634,21,11,712,4,0,0,0
712,638,638,457,4,713,1,0,0,1800
713,639,639,458,27,714,1,118,0,0
714,640,0,459,5,715,0,0,0,4
715,641,643,14,28,716,1,0,0,0
716,642,642,188,11,717,1,0,0,0
717,642,0,21,11,718,0,0,0,0
718,643,0,460,5,719,0,0,5,0
719,644,1158,125,7,720,4,23,8,0
720,645,0,461,48,721,0,0,0,0
721,646,0,462,7,722,0,0,3,0
722,647,647,194,11,723,1,0,0,0
723,647,0,32,4,724,0,0,20,0
724,648,0,9,35,725,0,0,1,0
725,649,0,463,5,726,0,0,0,4
726,650,650,464,5,727,1,7,0,0
727,651,0,465,13,728,0,0,26,22
728,652,652,466,59,729,1,28,50,0
729,653,653,467,27,730,1,52,0,0
730,654,654,468,8,731,1,28,0,0
731,654,654,466,1,732,1,11,0,0
732,654,654,469,11,733,1,0,0,0
733,654,654,219,11,734,1,0,0,0
734,655,655,470,27,735,1,64,0,0
735,655,655,39,7,736,1,0,0,0
736,656,656,39,4,737,1,0,0,0
737,654,654,38,9,738,1,9,57,0
738,657,0,113,4,739,0,0,0,5
739,658,0,21,11,740,0,0,0,0
740,658,658,313,6,741,1,0,0,0
741,658,658,471,27,742,1,33,0,0
742,658,658,472,2,743,1,15,0,0
743,659,1159,53,7,744,1,0,0,0
744,659,659,473,15,745,1,0,0,0
745,660,1160,14,6,746,1,0,0,0
746,661,0,21,11,747,0,0,0,0
747,662,662,474,5,748,1,4,0,0
748,663,663,475,6,749,1,0,0,0
749,664,0,104,7,750,0,0,0,0
750,665,665,476,4,751,1,0,0,0
751,666,0,125,28,752,0,0,1,0
752,667,0,477,10,753,0,0,13,0
753,668,0,325,7,754,0,0,0,0
754,669,669,478,5,755,1,3,1,0
755,667,667,21,11,756,4,0,0,0
756,667,0,479,4,757,0,0,0,0
757,670,670,39,4,758,1,0,0,0
758,671,0,480,4,759,0,0,1,0
759,672,0,91,4,760,0,0,0,0
760,673,673,9,6,761,1,0,0,0
761,674,0,237,10,762,0,0,0,38
762,675,675,50,7,763,1,15,0,0
763,676,0,5,4,764,0,0,3,0
764,677,677,144,7,765,6,0,0,0
765,678,1163,111,4,766,6,0,0,0
766,679,679,39,4,767,6,0,0,0
767,680,0,127,4,768,0,0,0,0
768,681,681,12,27,769,6,109,0,0
769,682,682,481,15,770,235,6,200,0
770,683,0,50,91,771,0,0,0,0
771,684,0,208,13,772,0,0,7,0
772,685,0,14,4,773,0,0,0,0
773,686,0,50,7,774,0,0,0,0
774,687,1166,50,4,775,6,0,0,0
775,688,0,482,4,776,0,0,0,0
776,689,689,483,5,777,1,3,0,0
777,689,0,484,5,778,0,0,31,0
778,690,690,485,15,779,6,2,11,100
779,691,691,486,6,780,6,0,0,0
780,692,0,304,28,781,0,0,0,0
781,693,0,487,30,782,0,0,0,0
782,694,0,488,28,783,0,0,0,0
783,695,695,489,7,784,6,0,0,0
784,696,1169,490,4,785,6,0,0,0
785,697,0,454,11,786,0,0,0,0
786,698,0,468,4,787,0,0,0,0
787,699,0,311,4,788,0,0,0,0
788,700,0,491,4,789,0,0,0,1
789,701,1171,492,4,790,6,0,0,105
790,702,0,50,83,791,0,0,37,50
791,697,697,21,11,792,17,0,0,0
792,703,703,205,7,793,6,12,43,0
793,704,0,493,5,794,0,0,4,0
794,705,705,494,6,795,6,0,0,0
795,706,0,5,4,796,0,0,1,0
796,707,707,495,6,797,240,0,0,0
797,708,708,21,11,798,17,0,0,0
798,709,1173,91,23,799,241,0,0,0
799,708,0,147,4,800,0,0,0,0
800,708,0,496,4,801,0,0,0,0
801,710,1174,497,4,802,244,0,0,0
802,711,0,498,4,803,0,0,0,0
803,712,712,151,15,804,6,9,30,0
804,713,713,5,4,805,246,0,0,0
805,714,714,457,4,806,6,0,0,0
806,715,0,499,4,807,0,0,0,0
807,716,716,409,6,808,247,0,0,0
808,717,717,500,27,809,17,32,2,0
809,718,718,5,6,810,6,0,0,0
810,719,719,501,6,811,27,14,0,0
811,720,1177,147,4,812,248,0,0,0
812,721,721,502,4,813,6,1,0,0
813,722,722,27,4,814,249,0,0,0
814,723,723,503,5,815,6,4,0,0
815,724,0,504,15,816,0,0,0,3
816,725,725,505,28,817,6,1,0,0
817,726,726,430,6,818,6,29,0,0
818,727,0,17,7,819,0,0,0,1
819,728,0,506,2,820,0,0,0,0
820,729,0,54,4,821,0,0,2,0
821,730,0,313,43,822,0,0,0,0
822,730,1178,507,43,823,251,0,0,0
823,731,0,5,10,824,0,0,20,0
824,732,1179,508,7,825,6,0,0,0
825,733,1180,147,4,826,252,0,0,0
826,733,0,148,4,827,0,0,0,0
827,734,734,491,4,828,6,0,0,0
828,735,0,5,4,829,0,0,0,0
829,736,736,509,4,830,255,0,0,0
830,737,737,510,6,831,6,0,0,0
831,738,738,511,27,832,6,43,4,0
832,739,0,512,6,833,0,0,0,0
833,740,1183,513,28,834,6,0,0,0
834,741,741,514,10,835,6,21,0,0
835,731,731,515,4,836,6,0,0,0
836,742,742,12,4,837,6,0,0,0
837,743,743,449,4,838,6,0,0,0
838,744,0,516,22,839,0,0,0,4
839,731,0,21,11,840,0,0,0,0
840,745,745,39,6,841,6,0,0,0
841,746,746,517,39,842,6,41,0,0
842,747,0,127,11,843,0,0,0,0
843,748,1184,518,4,844,6,0,0,0
844,749,1185,91,4,845,256,0,0,0
845,750,750,519,92,846,6,0,0,0
846,751,0,47,7,847,0,0,8,400
847,752,1186,9,4,848,257,0,0,0
848,753,0,144,28,849,0,0,0,0
849,754,754,10,4,850,6,0,0,0
850,754,754,129,4,851,6,0,0,0
851,754,754,520,2,852,6,0,0,0
852,754,754,133,4,853,6,0,0,0
853,755,0,79,26,854,0,0,0,0
854,756,756,521,13,855,6,7,0,0
855,757,757,522,2,856,6,12,4,0
856,758,0,17,27,857,0,0,17,7
857,759,759,523,22,858,6,0,0,5000
858,760,0,47,4,859,0,0,0,0
859,761,761,389,4,860,258,0,0,0
860,762,0,524,4,861,0,0,0,0
861,426,426,127,4,862,6,0,0,0
862,763,763,274,83,863,6,45,55,0
863,764,764,127,4,864,6,0,0,0
864,765,0,50,6,865,0,0,0,0
865,766,766,525,15,866,6,2,0,0
866,763,763,172,10,867,6,0,0,600
867,763,763,526,7,868,6,0,0,0
868,767,1189,313,28,869,6,0,0,0
869,768,768,527,28,870,6,0,0,0
870,769,1190,528,20,871,6,0,0,225000
871,770,770,529,5,872,1,8,0,0
872,771,771,530,39,873,6,22,11,0
873,772,772,501,4,874,260,0,0,0
874,773,773,531,14,875,6,0,0,5000
875,774,1191,532,4,876,6,0,0,160
876,775,0,528,10,877,0,0,0,21
877,776,0,533,7,878,0,0,3,0
878,777,0,104,4,879,0,0,0,0
879,778,0,534,4,880,0,0,0,0
880,779,0,9,4,881,0,0,4,0
881,779,779,535,4,882,263,0,0,80
882,779,0,148,11,883,0,0,0,0
883,779,779,21,11,884,264,0,0,0
884,780,1194,536,4,885,265,0,0,0
885,781,781,521,13,886,6,3,0,0
886,782,0,224,22,887,0,0,0,0
887,783,783,537,8,888,6,13,19,0
888,784,0,10,6,889,0,0,0,2
889,785,785,538,4,890,6,0,0,0
890,786,0,539,5,891,0,0,9,0
891,787,787,540,20,892,6,0,0,200
892,787,787,135,4,893,266,0,0,0
893,788,0,541,6,894,0,0,10,0
894,789,1196,284,4,895,268,0,0,0
895,790,790,542,7,896,6,0,0,2000
896,791,0,543,2,897,0,0,0,0
897,792,0,43,26,898,0,0,0,0
898,793,793,544,7,899,6,117,0,0
899,794,0,505,7,900,0,0,0,0
900,794,0,219,7,901,0,0,0,0
901,795,0,545,20,902,0,0,0,0
902,796,0,546,4,903,0,0,0,0
903,797,797,547,35,904,6,0,0,0
904,798,0,50,15,905,0,0,5,26
905,799,799,12,35,906,6,0,10,0
906,800,800,431,4,907,6,0,0,0
907,801,1197,174,4,908,6,0,0,0
908,802,802,548,29,909,6,0,1,24339
909,803,0,21,7,910,0,0,0,0
910,800,800,28,26,911,6,0,0,0
911,800,0,21,11,912,0,0,0,0
912,804,1198,549,4,913,6,0,0,0
913,805,805,550,15,914,271,0,0,0
914,806,806,256,17,915,272,0,0,0
915,807,1199,454,11,916,6,0,0,0
916,808,0,551,4,917,0,0,0,0
917,809,809,552,27,918,6,23,18,0
918,810,810,553,6,919,6,0,0,0
919,811,1201,215,4,920,1,0,0,0
920,812,0,50,4,921,0,0,0,0
921,813,0,27,6,922,0,0,0,0
922,814,814,9,23,923,275,0,0,0
923,815,815,554,43,924,6,0,0,0
924,816,0,555,4,925,0,0,0,0
925,817,1203,556,4,926,6,0,0,0
926,818,0,21,11,927,0,0,0,0
927,819,819,148,26,928,6,0,0,0
928,819,819,557,18,929,6,0,0,200
929,819,819,558,4,930,6,0,0,0
930,819,819,559,15,931,6,0,0,0
931,820,0,150,4,932,0,0,0,0
932,821,0,560,4,933,0,0,0,0
933,822,0,104,4,934,0,0,0,0
934,823,0,5,4,935,0,0,0,1
935,824,1209,561,7,936,278,0,0,0
936,825,1210,157,6,937,279,0,0,0
937,826,0,144,7,938,0,0,0,0
938,827,827,562,23,939,281,0,0,0
939,828,828,17,96,940,6,3,13,0
940,829,829,457,4,941,6,0,1,0
941,830,0,563,15,942,0,0,1,43
942,831,831,564,15,943,6,0,30,0
943,832,0,50,35,944,0,0,3,45
944,833,833,565,7,945,6,0,0,0
945,834,834,566,29,946,6,0,0,200
946,833,0,567,4,947,0,0,0,1
947,835,1213,568,28,948,6,5,0,0
948,836,0,569,4,949,0,0,0,0
949,837,837,151,6,950,283,5,0,0
950,838,0,252,11,951,0,0,0,0
951,839,839,570,35,952,6,329,0,0
952,840,840,571,18,953,6,0,0,1000
953,841,841,572,12,954,6,23,71,0
954,842,0,573,4,955,0,0,0,0
955,843,0,574,15,956,0,0,0,12
956,844,0,178,20,957,0,0,0,0
957,845,845,575,7,958,6,0,0,0
958,846,0,467,14,959,0,0,0,0
959,847,0,576,4,960,0,0,0,0
960,848,848,471,27,961,6,256,0,0
961,849,849,577,4,962,6,0,0,0
962,850,850,251,5,963,6,0,0,0
963,851,1217,188,23,964,1,0,0,0
964,850,850,21,11,965,17,0,0,0
965,852,0,578,4,966,0,0,0,0
966,853,853,579,14,967,6,0,0,800
967,854,854,580,8,968,6,34,0,0
968,855,855,581,13,969,6,7,0,0
969,856,1087,582,16,970,4,455,0,0
970,857,865,583,4,971,285,0,0,2543
971,858,1218,584,32,972,4,0,0,203
972,859,1219,585,14,973,286,0,0,12055
973,860,1220,221,82,974,4,0,144,0
974,861,1221,586,4,975,287,0,0,1651
975,862,1222,587,14,976,4,0,0,440
976,863,1223,157,4,977,4,0,0,2937
977,863,1224,588,14,978,4,0,0,1137
978,864,1225,589,4,979,4,0,0,3623
979,865,1226,590,4,980,4,0,0,383
980,866,1227,10,4,981,4,0,0,141
981,867,1106,591,4,982,4,0,0,360
982,868,868,14,28,983,4,1,0,0
983,869,869,592,7,984,1,0,0,0
984,870,870,219,7,985,4,0,0,0
985,461,461,360,28,986,4,0,0,0
986,871,1228,593,14,987,4,0,0,423
987,872,1229,200,14,988,4,0,0,3300
988,873,1230,594,4,989,4,0,0,156
989,874,874,595,27,990,4,12,3,0
990,875,1231,596,15,991,4,1,37,0
991,876,1232,597,4,992,4,0,0,175
992,877,877,598,4,993,4,0,0,900
993,878,0,599,28,994,0,0,2,0
994,879,0,379,4,995,0,0,0,0
995,880,1235,600,4,996,4,0,0,269
996,881,881,104,15,997,290,0,4,0
997,882,1236,601,14,998,4,0,0,300
998,883,883,602,112,999,1,0,0,0
999,884,884,603,25,1000,4,1,0,0
1000,885,1237,604,14,1001,4,0,0,1100
1001,886,1238,605,14,1002,4,0,0,300
1002,885,885,606,4,1003,291,0,0,350
1003,887,1239,607,14,1004,17,0,0,1550
1004,888,1240,153,14,1005,292,0,0,300
1005,889,889,608,4,1006,4,0,0,0
1006,890,1241,17,17,1007,292,13,180,0
1007,891,891,12,4,1008,293,0,0,0
1008,892,1242,609,12,1009,294,47,0,2000
1009,893,1243,610,4,1010,295,0,0,137
1010,894,1244,611,4,1011,4,0,0,150
1011,895,1245,53,4,1012,296,4,0,100000
1012,896,1246,178,14,1013,4,0,0,1000
1013,897,897,10,23,1014,297,0,0,0
1014,898,1247,612,12,1015,4,0,0,120
1015,899,1237,613,14,1016,4,0,0,1000
1016,900,1248,614,14,1017,4,0,0,1428
1017,901,1249,615,14,1018,4,0,0,3000
1018,880,1235,616,4,1019,298,0,0,269
1019,890,1250,617,14,1020,4,0,0,637
1020,902,1251,158,14,1021,299,0,0,4500
1021,903,1252,519,14,1022,300,0,0,60
1022,895,1253,618,6,1023,301,0,0,200
1023,904,1254,619,12,1024,4,3,45,0
1024,905,0,620,3,1025,0,0,0,0
1025,906,0,38,96,1026,0,0,2,0
1026,907,1256,621,10,1027,4,32,15,0
1027,908,1257,313,4,1028,302,0,0,1473
1028,909,1258,622,91,1029,4,2,1,0
1029,910,1259,148,7,1030,4,6,0,0
1030,910,0,104,7,1031,0,0,2,25
1031,911,1261,623,4,1032,304,0,0,3000
1032,912,1262,624,28,1033,305,0,0,90
1033,913,1263,194,7,1034,4,0,0,0
1034,914,1264,527,4,1035,306,0,0,1000
1035,915,0,157,4,1036,0,0,0,0
1036,915,1265,369,4,1037,308,0,0,500
1037,916,0,53,4,1038,0,0,0,0
1038,917,1267,327,14,1039,309,0,0,13000
1039,918,1268,104,15,1040,4,0,6,0
1040,919,1269,625,4,1041,4,0,0,1333
1041,920,1270,626,12,1042,4,0,0,0
1042,921,1271,104,6,1043,4,0,0,0
1043,922,922,325,27,1044,4,0,25,138
1044,923,1272,627,25,1045,310,2,0,450
1045,924,1273,125,7,1046,4,0,0,21
1046,925,1274,628,6,1047,4,0,0,0
1047,926,1275,379,4,1048,4,0,0,300
1048,927,1276,157,6,1049,4,0,0,0
1049,928,1277,158,14,1050,311,1,0,3432
1050,929,929,629,23,1051,4,0,1,0
1051,930,930,221,22,1052,4,0,0,0
1052,931,931,21,6,1053,4,0,0,0
1053,932,932,630,6,1054,4,0,0,0
1054,933,1278,53,6,1055,4,0,0,0
1055,934,932,631,22,1056,4,0,0,0
1056,935,935,632,4,1057,4,0,0,0
1057,936,936,633,4,1058,4,0,0,0
1058,937,1279,634,7,1059,4,0,0,0
1059,938,938,635,23,1060,4,0,0,0
1060,939,1280,630,17,1061,312,0,0,0
1061,940,940,636,22,1062,4,0,0,0
1062,941,1281,297,4,1063,4,0,0,576
1063,942,1282,637,7,1064,4,0,0,200
1064,943,1283,104,7,1065,4,0,0,0
1065,944,944,104,6,1066,4,0,0,0
1066,945,945,638,10,1067,4,9,0,0
1067,946,945,639,5,1068,4,0,0,0
1068,947,963,214,4,1069,4,0,0,0
1069,948,967,640,4,1070,4,0,0,1207
1070,949,959,641,4,1071,313,0,0,0
1071,950,950,14,6,1072,4,0,0,0
1072,951,947,642,14,1073,4,0,0,2070
1073,952,952,643,15,1074,4,0,0,600
1074,953,953,39,22,1075,4,0,0,200
1075,954,1284,644,14,1076,4,0,0,468
1076,955,1285,645,14,1077,4,0,0,0
1077,956,1286,646,23,1078,4,1,0,0
1078,957,1287,646,23,1079,4,0,0,0
1079,958,1288,646,23,1080,4,1,0,0
1080,959,959,647,22,1081,4,0,0,0
1081,960,1289,648,4,1082,314,0,0,60
1082,961,1290,649,6,1083,4,0,0,0
1083,962,952,21,6,1084,4,0,0,0
1084,944,1291,21,6,1085,4,0,0,0
1085,963,1292,21,6,1086,4,0,0,0
1086,964,1293,630,6,1087,4,0,0,0
1087,965,1294,650,14,1088,4,0,2,164
1088,966,1295,651,4,1089,4,0,0,0
1089,967,1296,651,14,0,315,2,0,90000
