id;Date
1;26/04/1900 00:00
2;01/01/1901 00:00
3;01/01/1902 00:00
4;01/03/1902 00:00
5;22/05/1902 00:00
6;01/01/1903 00:00
7;29/04/1903 00:00
8;01/01/1904 00:00
9;01/09/1992 00:00
10;17/07/1995 00:00
11;28/02/1903 00:00
12;19/04/1904 00:00
13;24/04/1904 00:00
14;15/02/1905 00:00
15;13/08/1905 00:00
16;01/01/1906 00:00
17;29/08/1907 00:00
18;26/04/1908 00:00
19;01/08/1908 00:00
20;04/01/1909 00:00
21;28/11/1909 00:00
22;01/01/1910 00:00
23;21/01/1910 00:00
24;05/03/1910 00:00
25;15/04/1910 00:00
26;18/04/1910 00:00
27;11/07/1911 00:00
28;30/06/1912 00:00
29;08/07/1912 00:00
30;07/11/1913 00:00
31;01/01/1914 00:00
32;01/04/1914 00:00
33;28/05/1914 00:00
34;19/06/1914 00:00
35;01/01/1915 00:00
36;01/02/1915 00:00
37;22/03/1915 00:00
38;08/07/1915 00:00
39;03/02/1916 00:00
40;24/04/1916 00:00
41;29/07/1916 00:00
42;11/09/1916 00:00
43;01/01/1917 00:00
44;25/07/1917 00:00
45;28/10/1917 00:00
46;06/12/1917 00:00
47;01/01/1918 00:00
48;23/01/1918 00:00
49;12/10/1918 00:00
50;23/10/1918 00:00
51;01/01/1919 00:00
52;01/01/1920 00:00
53;17/03/1920 00:00
54;22/07/1920 00:00
55;01/04/1986 00:00
56;29/05/1986 00:00
57;30/05/1986 00:00
58;02/06/1986 00:00
59;14/05/1986 00:00
60;15/05/1986 00:00
61;04/04/1987 00:00
62;16/07/1986 00:00
63;26/10/1986 00:00
64;07/11/1986 00:00
65;29/05/1987 00:00
66;06/07/1987 00:00
67;14/07/1987 00:00
68;01/10/1987 00:00
69;01/01/1988 00:00
70;31/07/1987 00:00
71;07/03/1988 00:00
72;01/04/1988 00:00
73;08/05/1988 00:00
74;10/05/1988 00:00
75;24/05/1988 00:00
76;04/06/1988 00:00
77;20/06/1988 00:00
78;28/06/1988 00:00
79;29/06/1988 00:00
80;05/07/1988 00:00
81;17/12/1988 00:00
82;16/08/1988 00:00
83;25/11/1988 00:00
84;23/08/1988 00:00
85;01/01/1989 00:00
86;30/01/1989 00:00
87;10/03/1989 00:00
88;01/07/1989 00:00
89;01/05/1989 00:00
90;11/05/1989 00:00
91;22/07/1989 00:00
92;10/09/1989 00:00
93;12/09/1989 00:00
94;29/09/1989 00:00
95;02/10/1989 00:00
96;08/11/1989 00:00
97;07/12/1989 00:00
98;12/12/1989 00:00
99;25/12/1989 00:00
100;09/12/1990 00:00
101;01/01/1990 00:00
102;09/07/1990 00:00
103;20/07/1990 00:00
104;23/07/1990 00:00
105;28/05/2010 00:00
106;18/12/1989 00:00
107;11/02/1990 00:00
108;12/02/1990 00:00
109;23/02/1990 00:00
110;19/03/1990 00:00
111;23/04/1990 00:00
112;27/03/1991 00:00
113;16/05/1990 00:00
114;25/05/1990 00:00
115;01/08/1990 00:00
116;29/08/1990 00:00
117;12/06/1990 00:00
118;11/07/1990 00:00
119;08/11/1990 00:00
120;16/12/1990 00:00
121;17/06/2010 00:00
122;01/01/1991 00:00
123;11/01/1991 00:00
124;12/03/1991 00:00
125;01/04/1991 00:00
126;07/04/1991 00:00
127;01/05/1991 00:00
128;08/05/1991 00:00
129;29/06/1991 00:00
130;03/07/1991 00:00
131;09/07/1991 00:00
132;11/07/1991 00:00
133;22/07/1991 00:00
134;05/08/1991 00:00
135;19/08/1991 00:00
136;27/08/1991 00:00
137;29/08/1991 00:00
138;07/09/1991 00:00
139;26/09/1991 00:00
140;01/10/1991 00:00
141;08/10/1991 00:00
142;16/10/1991 00:00
143;25/10/1991 00:00
144;20/11/1991 00:00
145;30/11/1991 00:00
146;06/12/1991 00:00
147;01/01/1992 00:00
148;21/01/1992 00:00
149;01/02/1992 00:00
150;16/02/1992 00:00
151;28/08/1992 00:00
152;31/01/1992 00:00
153;28/02/1992 00:00
154;12/03/1992 00:00
155;13/03/1992 00:00
156;19/03/1992 00:00
157;26/03/1992 00:00
158;25/04/1992 00:00
159;09/05/1992 00:00
160;18/05/1992 00:00
161;25/05/1992 00:00
162;31/07/1992 00:00
163;18/12/1992 00:00
164;17/06/1992 00:00
165;18/09/1992 00:00
166;06/10/1992 00:00
167;21/12/1992 00:00
168;01/01/1993 00:00
169;15/03/1993 00:00
170;12/04/1993 00:00
171;27/04/1993 00:00
172;29/07/1993 00:00
173;04/07/1993 00:00
174;14/07/1993 00:00
175;25/07/1993 00:00
176;17/10/1993 00:00
177;01/11/1993 00:00
178;26/11/1993 00:00
179;23/01/1994 00:00
180;05/01/1994 00:00
181;16/01/1994 00:00
182;28/01/1994 00:00
183;16/04/1994 00:00
184;18/05/1994 00:00
185;22/05/1994 00:00
186;18/06/1994 00:00
187;24/07/1994 00:00
188;01/01/1995 00:00
189;04/07/1995 00:00
190;25/05/1994 00:00
191;01/08/1994 00:00
192;04/08/1994 00:00
193;27/08/1994 00:00
194;28/08/1994 00:00
195;17/10/1994 00:00
196;21/10/1994 00:00
197;08/12/1994 00:00
198;21/01/1995 00:00
199;10/03/1995 00:00
200;29/05/1995 00:00
201;01/04/1995 00:00
202;05/06/1995 00:00
203;06/06/1995 00:00
204;10/07/1995 00:00
205;13/07/1995 00:00
206;30/07/1995 00:00
207;11/08/1995 00:00
208;11/09/1995 00:00
209;26/09/1995 00:00
210;05/10/1995 00:00
211;16/11/1995 00:00
212;10/12/1995 00:00
213;27/11/1995 00:00
214;01/01/1996 00:00
215;17/02/1996 00:00
216;20/04/1996 00:00
217;17/05/1996 00:00
218;05/07/1996 00:00
219;16/07/1996 00:00
220;18/04/1996 00:00
221;17/06/1996 00:00
222;24/07/1996 00:00
223;08/08/1996 00:00
224;29/11/1996 00:00
225;29/12/1996 00:00
226;01/01/1997 00:00
227;09/01/1997 00:00
228;18/03/1997 00:00
229;30/03/1997 00:00
230;29/10/2006 00:00
231;19/04/1997 00:00
232;22/04/1997 00:00
233;01/05/1997 00:00
234;29/05/1997 00:00
235;10/06/1997 00:00
236;13/05/2007 00:00
237;12/06/1997 00:00
238;17/06/1997 00:00
239;10/07/1997 00:00
240;11/07/1997 00:00
241;13/10/1997 00:00
242;01/01/1998 00:00
243;04/01/1998 00:00
244;16/01/1998 00:00
245;09/03/1998 00:00
246;01/01/1999 00:00
247;03/01/1999 00:00
248;31/07/2008 00:00
249;28/03/1998 00:00
250;05/05/1998 00:00
251;18/06/1998 00:00
252;04/07/1998 00:00
253;10/07/1998 00:00
254;22/07/1998 00:00
255;01/08/1998 00:00
256;10/08/1998 00:00
257;24/12/1998 00:00
258;02/09/1998 00:00
259;23/11/1998 00:00
260;13/02/1999 00:00
261;21/02/1999 00:00
262;13/01/1999 00:00
263;25/01/1999 00:00
264;29/01/1999 00:00
265;11/02/1999 00:00
266;01/03/1999 00:00
267;05/03/1999 00:00
268;01/04/1999 00:00
269;23/04/1999 00:00
270;04/05/1999 00:00
271;12/06/1999 00:00
272;16/06/1999 00:00
273;18/06/1999 00:00
274;21/06/1999 00:00
275;28/06/1999 00:00
276;04/07/1999 00:00
277;06/07/1999 00:00
278;16/07/1999 00:00
279;09/08/1999 00:00
280;03/09/1999 00:00
281;07/09/1999 00:00
282;23/09/1999 00:00
283;24/09/1999 00:00
284;01/10/1999 00:00
285;07/12/1999 00:00
286;30/12/1999 00:00
287;17/01/2000 00:00
288;13/04/2000 00:00
289;20/04/2000 00:00
290;14/07/2000 00:00
291;01/08/2000 00:00
292;19/05/2000 00:00
293;03/07/2000 00:00
294;07/07/2000 00:00
295;29/10/2000 00:00
296;02/11/2000 00:00
297;27/11/2000 00:00
298;10/02/2001 00:00
299;01/04/2001 00:00
300;01/06/2001 00:00
301;31/07/2001 00:00
302;01/07/2001 00:00
303;11/09/2001 00:00
304;19/09/2001 00:00
305;14/04/2002 00:00
306;20/05/2002 00:00
307;14/05/2002 00:00
308;17/05/2002 00:00
309;30/05/2002 00:00
310;01/05/2002 00:00
311;09/06/2002 00:00
312;11/06/2002 00:00
313;21/06/2002 00:00
314;23/06/2002 00:00
315;24/06/2002 00:00
316;28/06/2002 00:00
317;02/07/2002 00:00
318;03/07/2002 00:00
319;30/07/2002 00:00
320;01/07/2002 00:00
321;12/08/2002 00:00
322;16/11/2002 00:00
323;21/01/2003 00:00
324;21/02/2003 00:00
325;15/02/2003 00:00
326;31/03/2003 00:00
327;01/04/2003 00:00
328;19/05/2003 00:00
329;01/07/2003 00:00
330;21/07/2003 00:00
331;04/08/2003 00:00
332;14/08/2003 00:00
333;29/09/2003 00:00
334;16/10/2003 00:00
335;18/02/2004 00:00
336;24/03/2004 00:00
337;19/05/2004 00:00
338;08/07/2004 00:00
339;02/07/2004 00:00
340;21/07/2004 00:00
341;10/08/2004 00:00
342;13/08/2004 00:00
343;26/12/2004 00:00
344;27/12/2004 00:00
345;17/01/2005 00:00
346;30/03/2005 00:00
347;23/04/2005 00:00
348;09/04/2005 00:00
349;11/05/2005 00:00
350;25/05/2005 00:00
351;29/05/2005 00:00
352;02/06/2005 00:00
353;06/06/2005 00:00
354;23/06/2005 00:00
355;28/08/2005 00:00
356;31/08/2005 00:00
357;27/09/2005 00:00
358;28/09/2005 00:00
359;24/09/2005 00:00
360;26/10/2005 00:00
361;13/12/2005 00:00
362;04/02/2006 00:00
363;13/04/2006 00:00
364;23/04/2006 00:00
365;20/05/2006 00:00
366;16/06/2006 00:00
367;27/05/2006 00:00
368;03/07/2006 00:00
369;04/07/2006 00:00
370;06/07/2006 00:00
371;24/07/2006 00:00
372;15/08/2006 00:00
373;19/08/2006 00:00
374;28/10/2006 00:00
375;01/12/2006 00:00
376;20/12/2006 00:00
377;11/12/2006 00:00
378;12/03/2007 00:00
379;03/04/2007 00:00
380;19/04/2007 00:00
381;23/04/2007 00:00
382;28/04/2007 00:00
383;10/05/2007 00:00
384;25/05/2007 00:00
385;27/05/2007 00:00
386;03/06/2007 00:00
387;05/06/2007 00:00
388;16/06/2007 00:00
389;05/07/2007 00:00
390;21/07/2007 00:00
391;22/06/2007 00:00
392;19/07/2007 00:00
393;01/08/2007 00:00
394;04/08/2007 00:00
395;08/08/2007 00:00
396;12/11/2007 00:00
397;17/12/2007 00:00
398;10/12/2007 00:00
399;28/01/2008 00:00
400;14/02/2008 00:00
401;18/02/2008 00:00
402;21/03/2008 00:00
403;14/04/2008 00:00
404;17/04/2008 00:00
405;25/04/2008 00:00
406;28/04/2008 00:00
407;30/05/2008 00:00
408;09/05/2008 00:00
409;16/05/2008 00:00
410;10/06/2008 00:00
411;28/05/2008 00:00
412;24/05/2008 00:00
413;31/05/2008 00:00
414;13/06/2008 00:00
415;29/06/2008 00:00
416;30/06/2008 00:00
417;11/07/2008 00:00
418;01/07/2008 00:00
419;20/07/2008 00:00
420;15/04/2007 00:00
421;22/07/2008 00:00
422;10/08/2008 00:00
423;15/08/2008 00:00
424;07/09/2008 00:00
425;15/09/2008 00:00
426;24/04/1979 00:00
427;08/06/1999 00:00
428;01/06/1995 00:00
429;17/04/2006 00:00
430;03/11/2007 00:00
431;08/06/2008 00:00
432;06/09/2008 00:00
433;05/05/2008 00:00
434;29/08/2008 00:00
435;30/07/2008 00:00
436;06/01/2009 00:00
437;28/11/2003 00:00
438;13/03/2003 00:00
439;01/08/2008 00:00
440;21/01/2000 00:00
441;01/04/2009 00:00
442;14/04/2010 00:00
443;01/05/2009 00:00
444;23/05/2010 00:00
445;25/04/2009 00:00
446;23/09/1993 00:00
447;26/09/2005 00:00
448;20/08/2009 00:00
449;01/08/2009 00:00
450;28/06/2009 00:00
451;26/07/2009 00:00
452;14/05/2009 00:00
453;05/04/2009 00:00
454;23/06/2010 00:00
455;04/08/2009 00:00
456;14/08/2009 00:00
457;23/08/2009 00:00
458;25/10/2009 00:00
459;04/11/2007 00:00
460;04/12/2007 00:00
461;28/09/2008 00:00
462;21/08/2010 00:00
463;18/07/2009 00:00
464;04/11/2010 00:00
465;21/05/2008 00:00
466;02/01/2010 00:00
467;29/06/2010 00:00
468;12/12/2010 00:00
469;13/12/2010 00:00
470;06/06/2010 00:00
471;22/07/2010 00:00
472;21/09/2010 00:00
473;28/07/2010 00:00
474;12/01/2010 00:00
475;01/01/1921 00:00
476;15/07/1974 00:00
477;29/10/1978 00:00
478;09/01/2008 00:00
479;01/11/1978 00:00
480;16/05/1986 00:00
481;08/02/1921 00:00
482;13/07/1986 00:00
483;28/03/1987 00:00
484;12/05/2010 00:00
485;28/10/1921 00:00
486;02/04/1987 00:00
487;19/07/1989 00:00
488;01/01/1922 00:00
489;23/08/1989 00:00
490;06/04/2010 00:00
491;27/05/2010 00:00
492;17/06/1922 00:00
493;19/07/1996 00:00
494;08/11/1996 00:00
495;05/12/2010 00:00
496;22/06/1922 00:00
497;29/04/1999 00:00
498;23/07/2005 00:00
499;30/09/1922 00:00
500;24/03/2009 00:00
501;01/03/2009 00:00
502;01/01/1923 00:00
503;29/04/1923 00:00
504;29/10/1924 00:00
505;01/01/1924 00:00
506;07/05/1925 00:00
507;01/01/1939 00:00
508;01/03/1927 00:00
509;09/01/1927 00:00
510;24/08/1927 00:00
511;01/01/1928 00:00
512;01/04/1928 00:00
513;01/01/1929 00:00
514;18/01/1929 00:00
515;05/04/1929 00:00
516;18/11/1929 00:00
517;01/01/1930 00:00
518;26/06/1930 00:00
519;27/06/1930 00:00
520;08/09/1931 00:00
521;01/01/1931 00:00
522;04/05/1933 00:00
523;25/10/1933 00:00
524;20/11/1933 00:00
525;01/12/1933 00:00
526;16/04/1934 00:00
527;01/06/1935 00:00
528;10/01/1935 00:00
529;01/01/1935 00:00
530;25/08/1935 00:00
531;10/03/1936 00:00
532;12/04/1936 00:00
533;13/07/1936 00:00
534;05/07/1936 00:00
535;16/03/1936 00:00
536;15/08/1936 00:00
537;01/09/1936 00:00
538;13/01/1937 00:00
539;26/04/1937 00:00
540;01/09/1938 00:00
541;10/10/1938 00:00
542;06/12/1938 00:00
543;02/02/1939 00:00
544;01/01/1940 00:00
545;14/03/1941 00:00
546;14/05/1941 00:00
547;02/08/1941 00:00
548;25/09/1941 00:00
549;01/01/1942 00:00
550;22/09/1942 00:00
551;12/12/1942 00:00
552;27/12/1942 00:00
553;10/09/1943 00:00
554;19/10/1943 00:00
555;01/01/1944 00:00
556;11/12/1944 00:00
557;18/07/1945 00:00
558;17/06/1946 00:00
559;29/07/1946 00:00
560;15/09/1946 00:00
561;30/01/1947 00:00
562;05/02/1947 00:00
563;05/04/1947 00:00
564;30/04/1947 00:00
565;01/09/1947 00:00
566;16/03/1948 00:00
567;21/04/1948 00:00
568;01/11/1950 00:00
569;01/05/1948 00:00
570;31/05/1948 00:00
571;14/09/1948 00:00
572;22/08/1949 00:00
573;09/09/1949 00:00
574;17/09/1949 00:00
575;01/01/1950 00:00
576;24/03/1950 00:00
577;04/04/1950 00:00
578;20/04/1950 00:00
579;05/05/1950 00:00
580;01/08/1950 00:00
581;21/11/1950 00:00
582;01/01/1951 00:00
583;09/02/1951 00:00
584;19/12/1951 00:00
585;14/01/1952 00:00
586;01/04/1952 00:00
587;01/01/1953 00:00
588;21/05/1953 00:00
589;14/07/1953 00:00
590;24/08/1953 00:00
591;30/01/1954 00:00
592;15/02/1954 00:00
593;07/04/1954 00:00
594;11/09/1954 00:00
595;01/01/1955 00:00
596;01/07/1955 00:00
597;11/07/1955 00:00
598;12/11/1955 00:00
599;14/10/1954 00:00
600;03/01/1956 00:00
601;30/08/1956 00:00
602;01/11/1956 00:00
603;09/12/1956 00:00
604;15/10/1957 00:00
605;01/01/1957 00:00
606;08/03/1957 00:00
607;11/08/1957 00:00
608;22/11/1957 00:00
609;01/01/1958 00:00
610;01/03/1958 00:00
611;07/11/1958 00:00
612;01/01/1959 00:00
613;17/06/1958 00:00
614;23/10/1958 00:00
615;16/02/1959 00:00
616;27/03/1959 00:00
617;20/06/1959 00:00
618;01/01/1960 00:00
619;30/05/1961 00:00
620;31/08/1961 00:00
621;04/02/1960 00:00
622;18/04/1960 00:00
623;09/05/1960 00:00
624;02/07/1960 00:00
625;07/09/1960 00:00
626;25/02/1961 00:00
627;01/01/1961 00:00
628;25/05/1961 00:00
629;11/12/1962 00:00
630;10/10/1961 00:00
631;01/01/1962 00:00
632;07/10/1962 00:00
633;31/03/1962 00:00
634;01/01/1963 00:00
635;03/06/1963 00:00
636;26/07/1963 00:00
637;12/10/1962 00:00
638;03/05/1963 00:00
639;29/11/1963 00:00
640;11/12/1963 00:00
641;13/09/1964 00:00
642;01/01/1964 00:00
643;16/09/1964 00:00
644;01/12/1964 00:00
645;28/03/1964 00:00
646;15/12/1964 00:00
647;01/01/1965 00:00
648;02/01/1965 00:00
649;09/01/1965 00:00
650;14/01/1965 00:00
651;18/02/1965 00:00
652;01/03/1965 00:00
653;08/07/1965 00:00
654;01/01/1966 00:00
655;04/03/1966 00:00
656;14/04/1966 00:00
657;03/11/1966 00:00
658;01/01/1967 00:00
659;17/04/1967 00:00
660;11/10/1967 00:00
661;01/01/1968 00:00
662;05/06/1968 00:00
663;19/08/1968 00:00
664;13/01/1968 00:00
665;02/02/1968 00:00
666;21/10/1968 00:00
667;01/01/1969 00:00
668;02/02/1969 00:00
669;09/02/1969 00:00
670;02/05/1969 00:00
671;11/05/1969 00:00
672;19/05/1969 00:00
673;04/08/1969 00:00
674;02/12/1969 00:00
675;28/12/1969 00:00
676;02/02/1970 00:00
677;27/02/1970 00:00
678;22/04/1970 00:00
679;30/04/1970 00:00
680;27/06/1970 00:00
681;05/07/1970 00:00
682;20/08/1970 00:00
683;05/10/1970 00:00
684;01/01/1971 00:00
685;13/02/1971 00:00
686;04/03/1971 00:00
687;01/04/1971 00:00
688;01/05/1971 00:00
689;04/05/1971 00:00
690;14/05/1971 00:00
691;23/07/1971 00:00
692;15/08/1971 00:00
693;01/01/1972 00:00
694;27/08/1971 00:00
695;19/02/1972 00:00
696;01/04/1972 00:00
697;01/01/1973 00:00
698;01/03/1973 00:00
699;01/05/1972 00:00
700;15/05/1972 00:00
701;11/06/1972 00:00
702;01/09/1972 00:00
703;18/03/1973 00:00
704;01/08/1973 00:00
705;27/08/1973 00:00
706;27/04/1973 00:00
707;17/06/1973 00:00
708;01/01/1974 00:00
709;15/05/1974 00:00
710;01/03/1974 00:00
711;01/04/1974 00:00
712;03/04/1974 00:00
713;29/04/1974 00:00
714;02/05/1974 00:00
715;17/05/1974 00:00
716;03/07/1974 00:00
717;30/10/1974 00:00
718;01/01/1975 00:00
719;01/03/1975 00:00
720;01/04/1975 00:00
721;01/06/1975 00:00
722;25/06/1975 00:00
723;22/07/1975 00:00
724;25/07/1975 00:00
725;28/07/1975 00:00
726;10/11/1975 00:00
727;02/01/1976 00:00
728;01/02/1976 00:00
729;04/05/1976 00:00
730;02/02/1976 00:00
731;01/01/1977 00:00
732;28/01/1977 00:00
733;01/03/1976 00:00
734;27/12/1977 00:00
735;31/03/1976 00:00
736;01/04/1976 00:00
737;01/02/1978 00:00
738;11/02/1978 00:00
739;12/07/1976 00:00
740;10/08/1976 00:00
741;26/12/1976 00:00
742;27/08/1976 00:00
743;13/03/1977 00:00
744;12/04/1978 00:00
745;25/05/1978 00:00
746;04/08/1978 00:00
747;01/01/1978 00:00
748;01/04/1978 00:00
749;14/01/1978 00:00
750;24/01/1978 00:00
751;26/01/1978 00:00
752;10/07/1978 00:00
753;05/09/1978 00:00
754;01/01/1979 00:00
755;08/02/1979 00:00
756;14/02/1979 00:00
757;24/02/1979 00:00
758;29/03/1979 00:00
759;21/02/1979 00:00
760;05/03/1979 00:00
761;03/05/1979 00:00
762;01/04/1979 00:00
763;01/01/1980 00:00
764;12/05/1979 00:00
765;05/06/1979 00:00
766;07/08/1979 00:00
767;06/09/1979 00:00
768;13/09/1979 00:00
769;10/11/1979 00:00
770;20/05/1980 00:00
771;28/05/1980 00:00
772;18/12/1979 00:00
773;01/06/1980 00:00
774;06/07/1980 00:00
775;14/07/1980 00:00
776;04/12/1980 00:00
777;21/03/1980 00:00
778;26/12/1980 00:00
779;01/01/1981 00:00
780;18/02/1981 00:00
781;23/02/1981 00:00
782;29/04/1981 00:00
783;03/07/1981 00:00
784;28/07/1981 00:00
785;01/08/1981 00:00
786;28/10/1981 00:00
787;01/01/1982 00:00
788;30/10/1981 00:00
789;01/06/1982 00:00
790;19/01/1982 00:00
791;01/02/1982 00:00
792;05/01/1982 00:00
793;14/02/1982 00:00
794;22/02/1982 00:00
795;28/02/1982 00:00
796;17/04/1982 00:00
797;31/05/1982 00:00
798;14/06/1982 00:00
799;14/10/1982 00:00
800;01/01/1983 00:00
801;13/07/1982 00:00
802;10/01/1983 00:00
803;06/03/1983 00:00
804;19/03/1983 00:00
805;03/05/1983 00:00
806;01/07/1983 00:00
807;14/07/1983 00:00
808;11/01/1983 00:00
809;02/06/1983 00:00
810;24/06/1983 00:00
811;28/02/1983 00:00
812;10/05/1983 00:00
813;08/07/1983 00:00
814;03/08/1983 00:00
815;25/10/1983 00:00
816;07/12/1983 00:00
817;22/12/1983 00:00
818;01/06/1984 00:00
819;01/01/1984 00:00
820;05/02/1984 00:00
821;04/01/1984 00:00
822;13/02/1984 00:00
823;25/04/1984 00:00
824;27/04/1984 00:00
825;15/06/1984 00:00
826;13/04/1984 00:00
827;30/04/1984 00:00
828;08/05/1984 00:00
829;03/05/1985 00:00
830;15/07/1984 00:00
831;02/09/1984 00:00
832;03/09/1984 00:00
833;06/10/1984 00:00
834;01/01/1985 00:00
835;11/10/1984 00:00
836;23/02/1985 00:00
837;30/05/1985 00:00
838;01/05/1985 00:00
839;23/06/1985 00:00
840;21/01/1986 00:00
841;08/02/1986 00:00
842;31/03/1985 00:00
843;31/05/1985 00:00
844;31/03/1986 00:00
845;24/12/1986 00:00
846;01/07/1985 00:00
847;02/12/1985 00:00
848;12/12/1985 00:00
849;01/08/1986 00:00
850;01/01/1986 00:00
851;12/11/1992 00:00
852;30/03/1986 00:00
853;13/05/1987 00:00
854;17/11/1987 00:00
855;23/03/1987 00:00
856;27/07/2009 00:00
857;19/04/2011 00:00
858;15/02/2011 00:00
859;15/05/2011 00:00
860;15/06/2011 00:00
861;17/04/2011 00:00
862;12/06/2011 00:00
863;02/06/2011 00:00
864;10/05/2011 00:00
865;17/06/2011 00:00
866;29/05/2011 00:00
867;07/11/2010 00:00
868;04/09/2010 00:00
869;02/02/2003 00:00
870;13/12/2008 00:00
871;21/06/2011 00:00
872;06/07/2011 00:00
873;12/07/2011 00:00
874;20/08/2011 00:00
875;21/08/2011 00:00
876;24/09/2010 00:00
877;20/11/2009 00:00
878;28/08/2011 00:00
879;23/03/2012 00:00
880;24/03/2012 00:00
881;19/08/2005 00:00
882;11/07/2012 00:00
883;13/03/1989 00:00
884;11/03/2011 00:00
885;23/06/2012 00:00
886;02/10/2012 00:00
887;09/09/2012 00:00
888;20/05/2012 00:00
889;28/05/2012 00:00
890;31/07/2012 00:00
891;08/07/2013 00:00
892;06/07/2013 00:00
893;06/06/2012 00:00
894;27/05/2013 00:00
895;19/06/2013 00:00
896;24/05/2012 00:00
897;12/07/2010 00:00
898;19/10/2013 00:00
899;24/06/2012 00:00
900;23/07/2012 00:00
901;10/09/2012 00:00
902;01/07/2014 00:00
903;01/06/2014 00:00
904;26/02/2012 00:00
905;04/08/2014 00:00
906;22/10/2014 00:00
907;23/01/2014 00:00
908;15/04/2014 00:00
909;20/10/2014 00:00
910;21/12/2013 00:00
911;29/04/2013 00:00
912;05/07/2014 00:00
913;20/12/2013 00:00
914;14/04/2014 00:00
915;25/06/2014 00:00
916;15/06/2014 00:00
917;01/07/2015 00:00
918;02/08/2015 00:00
919;17/04/2015 00:00
920;07/03/2015 00:00
921;22/06/2015 00:00
922;28/03/2015 00:00
923;25/04/2015 00:00
924;15/02/2015 00:00
925;28/05/2015 00:00
926;18/04/2015 00:00
927;16/02/2015 00:00
928;09/05/2015 00:00
929;29/08/2015 00:00
930;08/04/2015 00:00
931;12/06/2015 00:00
932;22/07/2015 00:00
933;04/08/2015 00:00
934;29/06/2015 00:00
935;12/07/2015 00:00
936;29/09/2016 00:00
937;27/11/2016 00:00
938;25/12/2016 00:00
939;26/10/2016 00:00
940;21/07/2016 00:00
941;14/11/2016 00:00
942;24/02/2016 00:00
943;23/03/2016 00:00
944;08/07/2016 00:00
945;29/03/2016 00:00
946;28/03/2016 00:00
947;27/06/2016 00:00
948;27/04/2016 00:00
949;09/10/2016 00:00
950;05/04/2016 00:00
951;23/06/2016 00:00
952;20/07/2016 00:00
953;04/08/2016 00:00
954;21/08/2016 00:00
955;03/07/2016 00:00
956;12/10/2016 00:00
957;06/10/2016 00:00
958;09/03/2016 00:00
959;13/10/2016 00:00
960;15/06/2016 00:00
961;24/06/2016 00:00
962;18/07/2016 00:00
963;28/06/2016 00:00
964;15/07/2016 00:00
965;18/04/2016 00:00
966;30/07/2016 00:00
967;30/04/2016 00:00
968;17/02/1905 00:00
969;03/08/1908 00:00
970;10/07/1912 00:00
971;13/11/1913 00:00
972;09/07/1915 00:00
973;19/11/1917 00:00
974;01/01/1925 00:00
975;31/12/1918 00:00
976;31/12/1919 00:00
977;31/12/1920 00:00
978;21/03/1920 00:00
979;30/06/1986 00:00
980;04/04/1986 00:00
981;24/07/1986 00:00
982;11/06/1988 00:00
983;11/07/1988 00:00
984;08/07/1988 00:00
985;09/05/1989 00:00
986;20/09/1989 00:00
987;12/11/1989 00:00
988;30/05/2010 00:00
989;17/01/1990 00:00
990;28/02/1990 00:00
991;19/05/1990 00:00
992;04/07/1990 00:00
993;26/09/1990 00:00
994;13/11/1990 00:00
995;08/04/1991 00:00
996;09/05/1991 00:00
997;10/07/1991 00:00
998;01/09/1991 00:00
999;03/11/1991 00:00
1000;14/10/1991 00:00
1001;04/02/1992 00:00
1002;04/03/1992 00:00
1003;30/07/1992 00:00
1004;30/07/1993 00:00
1005;14/08/1993 00:00
1006;01/03/1994 00:00
1007;06/02/1994 00:00
1008;17/01/1994 00:00
1009;26/04/1994 00:00
1010;12/12/1994 00:00
1011;09/06/1995 00:00
1012;15/06/1995 00:00
1013;15/07/1995 00:00
1014;06/10/1995 00:00
1015;11/12/1995 00:00
1016;29/11/1995 00:00
1017;19/02/1996 00:00
1018;19/05/1996 00:00
1019;06/07/1996 00:00
1020;08/05/1996 00:00
1021;21/06/1996 00:00
1022;18/07/1996 00:00
1023;25/07/1996 00:00
1024;24/03/1997 00:00
1025;03/04/1997 00:00
1026;23/04/1997 00:00
1027;14/05/1997 00:00
1028;20/06/1997 00:00
1029;10/01/1998 00:00
1030;10/03/1998 00:00
1031;04/08/2008 00:00
1032;15/04/1998 00:00
1033;21/05/1998 00:00
1034;31/07/1998 00:00
1035;05/07/1998 00:00
1036;17/08/1998 00:00
1037;29/12/1998 00:00
1038;25/11/1998 00:00
1039;15/01/1999 00:00
1040;30/07/1999 00:00
1041;30/06/1999 00:00
1042;31/05/1999 00:00
1043;22/06/1999 00:00
1044;25/06/1999 00:00
1045;19/06/1999 00:00
1046;01/07/1999 00:00
1047;05/07/1999 00:00
1048;22/01/2000 00:00
1049;14/04/2000 00:00
1050;21/04/2000 00:00
1051;11/11/2000 00:00
1052;07/06/2002 00:00
1053;22/05/2002 00:00
1054;30/06/2002 00:00
1055;31/10/2003 00:00
1056;31/08/2003 00:00
1057;23/10/2003 00:00
1058;20/02/2004 00:00
1059;26/03/2004 00:00
1060;11/07/2004 00:00
1061;14/08/2004 00:00
1062;31/01/2005 00:00
1063;31/03/2005 00:00
1064;15/05/2005 00:00
1065;14/05/2005 00:00
1066;27/05/2005 00:00
1067;18/06/2006 00:00
1068;05/07/2006 00:00
1069;07/07/2006 00:00
1070;02/12/2006 00:00
1071;13/04/2007 00:00
1072;17/06/2007 00:00
1073;26/07/2007 00:00
1074;07/08/2007 00:00
1075;09/08/2007 00:00
1076;02/05/2008 00:00
1077;19/05/2008 00:00
1078;06/07/2008 00:00
1079;07/05/1979 00:00
1080;09/06/2008 00:00
1081;07/05/2008 00:00
1082;31/08/2008 00:00
1083;17/05/2008 00:00
1084;08/01/2009 00:00
1085;01/02/2010 00:00
1086;31/08/2009 00:00
1087;03/08/2009 00:00
1088;04/07/2009 00:00
1089;04/05/2009 00:00
1090;06/07/2010 00:00
1091;28/10/2009 00:00
1092;22/08/2010 00:00
1093;10/11/2010 00:00
1094;25/05/2008 00:00
1095;03/01/2010 00:00
1096;02/07/2010 00:00
1097;14/12/2010 00:00
1098;01/10/2002 00:00
1099;08/09/2010 00:00
1100;07/11/1978 00:00
1101;05/04/1987 00:00
1102;20/07/1989 00:00
1103;18/10/1989 00:00
1104;25/06/1922 00:00
1105;09/11/1996 00:00
1106;15/12/2010 00:00
1107;12/05/1999 00:00
1108;08/06/2005 00:00
1109;25/07/2005 00:00
1110;05/10/1922 00:00
1111;21/05/2009 00:00
1112;01/07/2009 00:00
1113;09/05/1923 00:00
1114;01/09/1927 00:00
1115;25/08/1927 00:00
1116;20/01/1929 00:00
1117;09/04/1929 00:00
1118;29/09/1931 00:00
1119;01/01/1938 00:00
1120;01/02/1934 00:00
1121;24/04/1934 00:00
1122;01/07/1935 00:00
1123;15/01/1935 00:00
1124;12/03/1936 00:00
1125;23/04/1936 00:00
1126;19/07/1936 00:00
1127;17/07/1936 00:00
1128;25/03/1936 00:00
1129;14/01/1937 00:00
1130;28/04/1937 00:00
1131;15/10/1938 00:00
1132;15/06/1941 00:00
1133;12/12/1944 00:00
1134;08/02/1947 00:00
1135;12/04/1947 00:00
1136;31/10/1948 00:00
1137;29/03/1950 00:00
1138;08/04/1950 00:00
1139;15/06/1950 00:00
1140;01/05/1952 00:00
1141;31/12/1953 00:00
1142;05/09/1953 00:00
1143;18/02/1954 00:00
1144;13/09/1954 00:00
1145;31/08/1955 00:00
1146;15/10/1954 00:00
1147;18/01/1956 00:00
1148;31/08/1956 00:00
1149;31/12/1958 00:00
1150;02/03/1958 00:00
1151;14/05/1960 00:00
1152;07/03/1963 00:00
1153;31/05/1961 00:00
1154;14/10/1961 00:00
1155;08/10/1962 00:00
1156;04/04/1962 00:00
1157;28/07/1963 00:00
1158;02/12/1964 00:00
1159;20/04/1967 00:00
1160;12/10/1967 00:00
1161;21/05/1969 00:00
1162;06/02/1970 00:00
1163;05/05/1970 00:00
1164;28/06/1970 00:00
1165;15/02/1971 00:00
1166;30/04/1971 00:00
1167;16/08/1971 00:00
1168;24/09/1986 00:00
1169;01/06/1972 00:00
1170;30/04/1973 00:00
1171;13/06/1972 00:00
1172;05/05/1973 00:00
1173;31/07/1974 00:00
1174;30/06/1974 00:00
1175;31/05/1974 00:00
1176;21/05/1974 00:00
1177;31/05/1975 00:00
1178;03/02/1976 00:00
1179;31/01/1977 00:00
1180;15/04/1976 00:00
1181;15/07/1976 00:00
1182;05/04/1976 00:00
1183;11/08/1976 00:00
1184;31/08/1978 00:00
1185;16/01/1978 00:00
1186;11/07/1978 00:00
1187;20/02/1979 00:00
1188;31/05/1979 00:00
1189;07/09/1979 00:00
1190;16/11/1979 00:00
1191;07/07/1980 00:00
1192;22/03/1980 00:00
1193;27/12/1980 00:00
1194;20/02/1981 00:00
1195;31/10/1981 00:00
1196;06/06/1982 00:00
1197;03/08/1982 00:00
1198;20/03/1983 00:00
1199;31/08/1983 00:00
1200;19/01/1983 00:00
1201;10/03/1983 00:00
1202;09/07/1983 00:00
1203;25/12/1983 00:00
1204;31/08/1984 00:00
1205;08/02/1984 00:00
1206;05/01/1984 00:00
1207;17/02/1984 00:00
1208;06/05/1984 00:00
1209;28/04/1984 00:00
1210;31/07/1984 00:00
1211;15/04/1984 00:00
1212;08/10/1984 00:00
1213;12/10/1984 00:00
1214;02/03/1985 00:00
1215;31/08/1985 00:00
1216;06/04/1985 00:00
1217;13/11/1992 00:00
1218;25/02/2011 00:00
1219;22/05/2011 00:00
1220;16/06/2011 00:00
1221;22/06/2011 00:00
1222;14/06/2011 00:00
1223;09/07/2011 00:00
1224;09/06/2011 00:00
1225;28/05/2011 00:00
1226;28/06/2011 00:00
1227;31/05/2011 00:00
1228;27/06/2011 00:00
1229;25/07/2011 00:00
1230;14/07/2011 00:00
1231;22/08/2011 00:00
1232;25/09/2010 00:00
1233;30/08/2011 00:00
1234;25/03/2012 00:00
1235;01/04/2012 00:00
1236;20/07/2012 00:00
1237;25/06/2012 00:00
1238;03/10/2012 00:00
1239;12/09/2012 00:00
1240;29/05/2012 00:00
1241;10/10/2012 00:00
1242;28/07/2013 00:00
1243;30/06/2012 00:00
1244;31/05/2013 00:00
1245;28/06/2013 00:00
1246;07/06/2012 00:00
1247;22/10/2013 00:00
1248;01/08/2012 00:00
1249;11/09/2012 00:00
1250;06/08/2012 00:00
1251;30/09/2014 00:00
1252;18/09/2014 00:00
1253;21/06/2013 00:00
1254;27/02/2012 00:00
1255;12/08/2014 00:00
1256;01/02/2014 00:00
1257;02/05/2014 00:00
1258;21/10/2014 00:00
1259;26/12/2013 00:00
1260;01/01/2014 00:00
1261;03/07/2013 00:00
1262;06/07/2014 00:00
1263;03/01/2014 00:00
1264;01/05/2014 00:00
1265;14/07/2014 00:00
1266;30/07/2014 00:00
1267;18/07/2015 00:00
1268;03/08/2015 00:00
1269;11/05/2015 00:00
1270;09/03/2015 00:00
1271;23/06/2015 00:00
1272;12/05/2015 00:00
1273;17/02/2015 00:00
1274;29/05/2015 00:00
1275;20/04/2015 00:00
1276;18/02/2015 00:00
1277;11/09/2015 00:00
1278;05/08/2015 00:00
1279;29/11/2016 00:00
1280;21/12/2016 00:00
1281;18/11/2016 00:00
1282;26/02/2016 00:00
1283;26/03/2016 00:00
1284;25/08/2016 00:00
1285;06/07/2016 00:00
1286;16/10/2016 00:00
1287;08/10/2016 00:00
1288;10/03/2016 00:00
1289;17/06/2016 00:00
1290;25/06/2016 00:00
1291;11/07/2016 00:00
1292;30/06/2016 00:00
1293;16/07/2016 00:00
1294;21/04/2016 00:00
1295;31/07/2016 00:00
1296;01/06/2016 00:00
